Date,0
2021-01-01,3.7418861354747666e-05
2021-01-02,3.590704908431323e-05
2021-01-03,2.8208487084103335e-05
2021-01-04,3.3441276184985276e-05
2021-01-05,3.588799929722121e-05
2021-01-06,5.114709958420722e-05
2021-01-07,3.383253495972286e-05
2021-01-08,3.223776264990744e-05
2021-01-09,2.3810407833372773e-05
2021-01-10,2.6334091980866133e-05
2021-01-11,3.381911478375966e-05
2021-01-12,3.745924454144481e-05
2021-01-13,2.488135454225929e-05
2021-01-14,2.845794556095864e-05
2021-01-15,2.976043234482958e-05
2021-01-16,3.581577678917578e-05
2021-01-17,4.747677864064469e-05
2021-01-18,6.869595179867317e-05
2021-01-19,4.743569967699481e-05
2021-01-20,5.158763028902288e-05
2021-01-21,4.777768264437518e-05
2021-01-22,4.769515759865464e-05
2021-01-23,5.5447967774197565e-05
2021-01-24,6.509423873651863e-05
2021-01-25,6.797456666305614e-05
2021-01-26,6.906464164981248e-05
2021-01-27,7.81535094299688e-05
2021-01-28,8.368273083720864e-05
2021-01-29,9.676507554849868e-05
2021-01-30,0.00010989181650831342
2021-01-31,0.00012579172913582807
2021-02-01,0.00014585998867952082
2021-02-02,0.00014779875170057465
2021-02-03,0.00013511985025852036
2021-02-04,0.0001396292105200663
2021-02-05,0.00015706370112561474
2021-02-06,0.00014805613194318056
2021-02-07,0.0001366411432437329
2021-02-08,0.00012771667299140799
2021-02-09,0.0001209022159985756
2021-02-10,0.00011576410697818212
2021-02-11,0.0001247681857415942
2021-02-12,0.00011473950116028509
2021-02-13,0.0001095070001868615
2021-02-14,0.00011332334522299568
2021-02-15,0.00010953932858579857
2021-02-16,0.00010983941331965972
2021-02-17,0.00010472647659012151
2021-02-18,8.679077896112359e-05
2021-02-19,8.976855568553541e-05
2021-02-20,7.994876083575143e-05
2021-02-21,9.130691747082492e-05
2021-02-22,9.294868948128971e-05
2021-02-23,9.905130659899035e-05
2021-02-24,7.560274279389808e-05
2021-02-25,7.207102301784167e-05
2021-02-26,7.277514807286402e-05
2021-02-27,9.14974945561142e-05
2021-02-28,9.436872136457387e-05
2021-03-01,9.202374676469065e-05
2021-03-02,7.830903982742812e-05
2021-03-03,7.831386172178775e-05
2021-03-04,7.832460864818889e-05
2021-03-05,7.913932997571686e-05
2021-03-06,8.024034896383937e-05
2021-03-07,9.067476669874851e-05
2021-03-08,7.854217572720162e-05
2021-03-09,8.174868804209977e-05
2021-03-10,7.425888697055221e-05
2021-03-11,6.818780745162033e-05
2021-03-12,7.14534106372235e-05
2021-03-13,7.187944437950434e-05
2021-03-14,6.253885815570674e-05
2021-03-15,6.0321042880487065e-05
2021-03-16,6.619194189078437e-05
2021-03-17,7.703058567711958e-05
2021-03-18,8.717795486522501e-05
2021-03-19,9.114582012048778e-05
2021-03-20,8.561129041751316e-05
2021-03-21,8.149386835401352e-05
2021-03-22,7.462529187651033e-05
2021-03-23,7.515940083950576e-05
2021-03-24,7.71133781445236e-05
2021-03-25,7.695901602051848e-05
2021-03-26,6.809227848723975e-05
2021-03-27,6.879896151786304e-05
2021-03-28,6.895638961223886e-05
2021-03-29,7.134927861896051e-05
2021-03-30,7.959826579985914e-05
2021-03-31,8.761147810458144e-05
2021-04-01,7.672232735466412e-05
2021-04-02,7.59420605421336e-05
2021-04-03,7.225521153475954e-05
2021-04-04,6.997311025088098e-05
2021-04-05,7.805617470146041e-05
2021-04-06,9.259437830755187e-05
2021-04-07,8.727412487095275e-05
2021-04-08,9.452766890157565e-05
2021-04-09,0.00010332346177814834
2021-04-10,0.00010514813054565017
2021-04-11,9.87060082081042e-05
2021-04-12,0.00010496157439374605
2021-04-13,9.656059879341307e-05
2021-04-14,9.088383626859774e-05
2021-04-15,8.666009024135738e-05
2021-04-16,9.153033928592565e-05
2021-04-17,9.629198858508443e-05
2021-04-18,0.00010900316989833845
2021-04-19,9.683589036704638e-05
2021-04-20,8.636222707781896e-05
2021-04-21,8.576069977145119e-05
2021-04-22,9.033281043462891e-05
2021-04-23,9.00235489962134e-05
2021-04-24,9.319949753410236e-05
2021-04-25,8.401012868036854e-05
2021-04-26,8.376566414343404e-05
2021-04-27,7.84827422062436e-05
2021-04-28,8.610487386740989e-05
2021-04-29,0.00010105179150134434
2021-04-30,0.00010250985001296289
2021-05-01,9.870947748272603e-05
2021-05-02,9.50924627746089e-05
2021-05-03,9.29141805291202e-05
2021-05-04,9.833511957798959e-05
2021-05-05,9.91157733257847e-05
2021-05-06,0.00011082542436982435
2021-05-07,0.00012025796440056487
2021-05-08,0.00011909282844693198
2021-05-09,0.00012249324947505625
2021-05-10,0.00011886275534046796
2021-05-11,0.00011428912280521783
2021-05-12,0.00011514549589886904
2021-05-13,0.00011397102031719397
2021-05-14,0.0001119145710885223
2021-05-15,0.00011404462715153448
2021-05-16,0.00010963027072219066
2021-05-17,0.00011149407964015645
2021-05-18,0.00011642328965610081
2021-05-19,0.00012445498225083508
2021-05-20,9.931477187096256e-05
2021-05-21,8.580031013102522e-05
2021-05-22,7.889791342505947e-05
2021-05-23,7.554681990988746e-05
2021-05-24,6.731036340841772e-05
2021-05-25,7.307103475554422e-05
2021-05-26,7.371869273025345e-05
2021-05-27,8.247919331515122e-05
2021-05-28,8.083720160248487e-05
2021-05-29,7.807140594972424e-05
2021-05-30,8.296540629696548e-05
2021-05-31,7.818897609995622e-05
2021-06-01,9.122784340431243e-05
2021-06-02,8.209799622717741e-05
2021-06-03,8.295085157884876e-05
2021-06-04,8.968964092464471e-05
2021-06-05,9.219193763982132e-05
2021-06-06,0.00010049808362711696
2021-06-07,0.00010839482898942548
2021-06-08,0.00010035437525495246
2021-06-09,9.031940135536337e-05
2021-06-10,8.652734520257833e-05
2021-06-11,9.156364260420618e-05
2021-06-12,7.521407198952979e-05
2021-06-13,8.14164262121488e-05
2021-06-14,7.502514162420732e-05
2021-06-15,8.212701727076667e-05
2021-06-16,9.239243305161024e-05
2021-06-17,9.562946147075186e-05
2021-06-18,8.947075998276614e-05
2021-06-19,8.741779500773111e-05
2021-06-20,8.239972009023541e-05
2021-06-21,8.873209887199729e-05
2021-06-22,8.5635199025273e-05
2021-06-23,8.315675215496108e-05
2021-06-24,7.913094608108856e-05
2021-06-25,8.305092444152275e-05
2021-06-26,7.559069975679465e-05
2021-06-27,6.717369778403773e-05
2021-06-28,7.108250381555963e-05
2021-06-29,7.226663821752252e-05
2021-06-30,6.977256616603138e-05
2021-07-01,7.011912031080839e-05
2021-07-02,6.896417543068861e-05
2021-07-03,6.387181646938621e-05
2021-07-04,6.910677707574504e-05
2021-07-05,7.866637572313183e-05
2021-07-06,7.590302626127887e-05
2021-07-07,8.487106721105831e-05
2021-07-08,8.301837655204491e-05
2021-07-09,7.260896218187598e-05
2021-07-10,7.503865433447387e-05
2021-07-11,7.513508388393176e-05
2021-07-12,7.318098852021095e-05
2021-07-13,7.141542999599041e-05
2021-07-14,6.96985703494126e-05
2021-07-15,6.418643301408044e-05
2021-07-16,6.516892613502205e-05
2021-07-17,6.969701765503722e-05
2021-07-18,6.720295364309435e-05
2021-07-19,6.6402491510244e-05
2021-07-20,5.95970333181865e-05
2021-07-21,5.348753205099755e-05
2021-07-22,5.471259505602516e-05
2021-07-23,6.172632598921746e-05
2021-07-24,6.191310457848571e-05
2021-07-25,5.8058896605178406e-05
2021-07-26,5.63464319779601e-05
2021-07-27,5.170284556428298e-05
2021-07-28,5.2921204761750955e-05
2021-07-29,6.030886869674982e-05
2021-07-30,5.947379607731687e-05
2021-07-31,5.6989249748683295e-05
2021-08-01,5.7921360104781406e-05
2021-08-02,5.45635006345594e-05
2021-08-03,5.7287889757305765e-05
2021-08-04,5.764861013545026e-05
2021-08-05,5.771302613742215e-05
2021-08-06,5.722152620704483e-05
2021-08-07,5.726018856695918e-05
2021-08-08,5.494472202854594e-05
2021-08-09,5.402119134356928e-05
2021-08-10,6.397163370014539e-05
2021-08-11,6.45892228363239e-05
2021-08-12,6.684623702014043e-05
2021-08-13,6.503104593346582e-05
2021-08-14,6.17303250904635e-05
2021-08-15,6.353997407192202e-05
2021-08-16,6.451835162152356e-05
2021-08-17,6.512442130474684e-05
2021-08-18,6.675459914072272e-05
2021-08-19,6.846994390848437e-05
2021-08-20,6.764215547672836e-05
2021-08-21,6.791144654266106e-05
2021-08-22,7.355625289890895e-05
2021-08-23,7.309476651045452e-05
2021-08-24,7.183556237925352e-05
2021-08-25,6.727435647316844e-05
2021-08-26,6.312002753258066e-05
2021-08-27,6.140996678258375e-05
2021-08-28,6.461658713334497e-05
2021-08-29,6.626085983354291e-05
2021-08-30,6.351671142584756e-05
2021-08-31,6.356425481843976e-05
2021-09-01,5.9379003600850895e-05
2021-09-02,6.469750620154701e-05
2021-09-03,7.157710882447635e-05
2021-09-04,7.504700286274636e-05
2021-09-05,7.59095732111314e-05
2021-09-06,7.670856550496652e-05
2021-09-07,6.994937689164764e-05
2021-09-08,6.374618730823867e-05
2021-09-09,6.323879906754571e-05
2021-09-10,6.394716988012078e-05
2021-09-11,6.27886142894805e-05
2021-09-12,6.378592130106247e-05
2021-09-13,6.0436026821420656e-05
2021-09-14,5.9914218770849915e-05
2021-09-15,6.784986242484272e-05
2021-09-16,7.16453062762171e-05
2021-09-17,7.191229878746043e-05
2021-09-18,6.874816291783054e-05
2021-09-19,6.361114505565416e-05
2021-09-20,6.309062650653202e-05
2021-09-21,6.060977143900834e-05
2021-09-22,5.641272361437668e-05
2021-09-23,5.833437604157818e-05
2021-09-24,6.0738488603678005e-05
2021-09-25,5.5597405291115084e-05
2021-09-26,5.5365587278903916e-05
2021-09-27,6.3714419497027e-05
2021-09-28,6.346237881289942e-05
2021-09-29,6.0050495191972296e-05
2021-09-30,6.184401168222698e-05
2021-10-01,5.717341498633356e-05
2021-10-02,6.001776666478178e-05
2021-10-03,6.322782262624988e-05
2021-10-04,6.353650978203489e-05
2021-10-05,6.30965232109122e-05
2021-10-06,6.254458193565016e-05
2021-10-07,5.393886915630361e-05
2021-10-08,5.5349334765861e-05
2021-10-09,5.975380462004521e-05
2021-10-10,6.107600954913661e-05
2021-10-11,5.721745315463538e-05
2021-10-12,5.303237303093307e-05
2021-10-13,5.07866567484239e-05
2021-10-14,5.139523422254552e-05
2021-10-15,5.661933455297746e-05
2021-10-16,5.298449835850321e-05
2021-10-17,5.136547488090626e-05
2021-10-18,5.3591201831673874e-05
2021-10-19,5.268876172966382e-05
2021-10-20,5.4883404894068004e-05
2021-10-21,6.291202963947039e-05
2021-10-22,6.794798986703914e-05
2021-10-23,6.875341718795773e-05
2021-10-24,6.851757420420597e-05
2021-10-25,6.326096790653617e-05
2021-10-26,6.526537991461663e-05
2021-10-27,6.40076093908253e-05
2021-10-28,9.166041929157836e-05
2021-10-29,8.664958120943627e-05
2021-10-30,8.093501816214549e-05
2021-10-31,7.552563890848008e-05
2021-11-01,7.36223633605397e-05
2021-11-02,7.588387348406354e-05
2021-11-03,7.542204644417053e-05
2021-11-04,7.341254645589347e-05
2021-11-05,7.542645640361524e-05
2021-11-06,7.316114084525697e-05
2021-11-07,7.3275454610875e-05
2021-11-08,7.4979421567451e-05
2021-11-09,6.549603523885098e-05
2021-11-10,6.575712404450725e-05
2021-11-11,6.149268706971304e-05
2021-11-12,6.362145361788492e-05
2021-11-13,6.336525513418646e-05
2021-11-14,6.617304006645947e-05
2021-11-15,6.676163335040754e-05
2021-11-16,6.848534739513243e-05
2021-11-17,6.623786388854063e-05
2021-11-18,6.570803763605023e-05
2021-11-19,6.411393574831981e-05
2021-11-20,6.80993560470502e-05
2021-11-21,6.33225572824701e-05
2021-11-22,6.629716897427223e-05
2021-11-23,6.64427057968486e-05
2021-11-24,6.765235091334455e-05
2021-11-25,6.840619629770052e-05
2021-11-26,7.141790538529378e-05
2021-11-27,7.022008552344338e-05
2021-11-28,7.020138959325332e-05
2021-11-29,6.683121413150621e-05
2021-11-30,6.556076750031339e-05
2021-12-01,6.471158404557254e-05
2021-12-02,6.567970027520102e-05
2021-12-03,5.931953053366093e-05
2021-12-04,5.736059703388348e-05
2021-12-05,5.388078071335143e-05
2021-12-06,5.117167485033153e-05
2021-12-07,5.096945806437878e-05
2021-12-08,5.13173107931394e-05
2021-12-09,5.4804942923310584e-05
2021-12-10,5.4254279395134116e-05
2021-12-11,5.501259731819951e-05
2021-12-12,5.2586034098293566e-05
2021-12-13,5.3095505401424296e-05
2021-12-14,5.2189198536667966e-05
2021-12-15,4.9681074196838914e-05
2021-12-16,5.0002843896198656e-05
2021-12-17,5.230749809966023e-05
2021-12-18,5.06550854363082e-05
2021-12-19,5.1439177303326135e-05
2021-12-20,5.0818299918011e-05
2021-12-21,5.13255412361569e-05
2021-12-22,5.1478981435540656e-05
2021-12-23,5.3023208702008634e-05
2021-12-24,5.5034911555596836e-05
2021-12-25,5.6392269835150106e-05
2021-12-26,5.563795211843884e-05
2021-12-27,5.206854954540533e-05
2021-12-28,5.313485138494786e-05
2021-12-29,5.223317636367743e-05
2021-12-30,5.033577911607842e-05
2021-12-31,5.0597127948551456e-05
2022-01-01,5.0609829203151864e-05
2022-01-02,5.269794390964347e-05
2022-01-03,5.525631679071251e-05
2022-01-04,5.763504667764563e-05
2022-01-05,5.451819645503189e-05
2022-01-06,5.552048585787401e-05
2022-01-07,5.573618258345743e-05
2022-01-08,5.1237895221594416e-05
2022-01-09,4.940900947463056e-05
2022-01-10,4.969974921746948e-05
2022-01-11,4.813096235637868e-05
2022-01-12,4.841726460720762e-05
2022-01-13,4.9828211879000494e-05
2022-01-14,5.4030600561982865e-05
2022-01-15,5.6303235599492755e-05
2022-01-16,5.773110108870633e-05
2022-01-17,5.6835695028079733e-05
2022-01-18,5.5971026338528e-05
2022-01-19,5.3504109708538716e-05
2022-01-20,4.9319335993123006e-05
2022-01-21,4.839744992767775e-05
2022-01-22,4.862175388504244e-05
2022-01-23,4.5258174761329925e-05
2022-01-24,4.4971678785796926e-05
2022-01-25,4.3007414550027616e-05
2022-01-26,4.2404406598574765e-05
2022-01-27,4.473303776867972e-05
2022-01-28,4.5013481572093676e-05
2022-01-29,4.3433124468140183e-05
2022-01-30,4.630397863004817e-05
2022-01-31,4.51165363493841e-05
2022-02-01,4.2774254673157855e-05
2022-02-02,4.244229472175945e-05
2022-02-03,4.169631668324016e-05
2022-02-04,4.306758716032413e-05
2022-02-05,4.0867902610238925e-05
2022-02-06,4.2351114372370456e-05
2022-02-07,4.3257106051087795e-05
2022-02-08,4.472163600822471e-05
2022-02-09,4.470257004428472e-05
2022-02-10,4.350118327691457e-05
2022-02-11,4.3147043584543606e-05
2022-02-12,4.193995845279316e-05
2022-02-13,3.947796440901498e-05
2022-02-14,3.807295654190568e-05
2022-02-15,3.746601054296456e-05
2022-02-16,3.8517908012356355e-05
2022-02-17,3.9170114198402775e-05
2022-02-18,4.0151676006298325e-05
2022-02-19,3.9370903652763204e-05
2022-02-20,3.97351055139873e-05
2022-02-21,4.0935656115383744e-05
2022-02-22,3.748897511878761e-05
2022-02-23,3.843451881505223e-05
2022-02-24,3.842503572134994e-05
2022-02-25,3.489492749763407e-05
2022-02-26,3.546615962377088e-05
2022-02-27,3.4509890243877203e-05
2022-02-28,3.489362597323863e-05
2022-03-01,3.3315602594706205e-05
2022-03-02,3.3241512253793625e-05
2022-03-03,3.345425594158958e-05
2022-03-04,3.378909595751221e-05
2022-03-05,3.599560279669507e-05
2022-03-06,3.498978049228656e-05
2022-03-07,3.521248503034269e-05
2022-03-08,3.459176389969358e-05
2022-03-09,3.363139023395531e-05
2022-03-10,3.179361736246712e-05
2022-03-11,3.2404246338683444e-05
2022-03-12,3.217304735579948e-05
2022-03-13,3.250107249227018e-05
2022-03-14,3.350191747186493e-05
2022-03-15,3.327549282092739e-05
2022-03-16,3.432297322277978e-05
2022-03-17,3.774627447652369e-05
2022-03-18,3.696063852278006e-05
2022-03-19,3.9079356351193735e-05
2022-03-20,3.982251173812751e-05
2022-03-21,3.8323369903698674e-05
2022-03-22,3.7016359792411995e-05
2022-03-23,3.4813851549969875e-05
2022-03-24,3.565681256415609e-05
2022-03-25,3.553213149280016e-05
2022-03-26,3.463711842609757e-05
2022-03-27,3.603475267653441e-05
2022-03-28,3.745319036551245e-05
2022-03-29,3.79597788097856e-05
2022-03-30,3.865337233411463e-05
2022-03-31,4.003427473508565e-05
2022-04-01,4.0146745304718066e-05
2022-04-02,4.098899786274593e-05
2022-04-03,4.146258968630553e-05
2022-04-04,4.117724305957688e-05
2022-04-05,3.945522476690119e-05
2022-04-06,3.888400136515768e-05
2022-04-07,3.696424085228003e-05
2022-04-08,3.779798127399592e-05
2022-04-09,3.762226480365012e-05
2022-04-10,3.996278224168194e-05
2022-04-11,3.899891397862997e-05
2022-04-12,3.82980750955514e-05
2022-04-13,3.8933270231288994e-05
2022-04-14,3.8366297962640934e-05
2022-04-15,3.763758772535128e-05
2022-04-16,3.5931857819600176e-05
2022-04-17,3.576807051084734e-05
2022-04-18,3.492196226607165e-05
2022-04-19,3.6061187980146707e-05
2022-04-20,3.661144758171922e-05
2022-04-21,3.7576690305286505e-05
2022-04-22,3.789018678636736e-05
2022-04-23,3.817160640824966e-05
2022-04-24,3.804649231870279e-05
2022-04-25,3.732969439531832e-05
2022-04-26,3.6004672685020096e-05
2022-04-27,3.3816865566912005e-05
2022-04-28,3.228329184024995e-05
2022-04-29,3.118330370392417e-05
2022-04-30,3.061236156499898e-05
2022-05-01,2.94976444856214e-05
2022-05-02,2.9466796538872037e-05
2022-05-03,3.0372424542787915e-05
2022-05-04,3.1640480045291626e-05
2022-05-05,3.291557969687764e-05
2022-05-06,3.573275205509139e-05
2022-05-07,3.819219067851524e-05
2022-05-08,3.7561318204080024e-05
2022-05-09,3.803860209584407e-05
2022-05-10,3.32069891431039e-05
2022-05-11,3.215387807715352e-05
2022-05-12,3.236154763189531e-05
2022-05-13,2.8548235990219416e-05
2022-05-14,3.025470463838766e-05
2022-05-15,3.1152941582774155e-05
2022-05-16,3.2022489367842886e-05
2022-05-17,3.2030861770301065e-05
2022-05-18,3.254831902902751e-05
2022-05-19,3.225280654816555e-05
2022-05-20,3.1737627506260195e-05
2022-05-21,3.054408170173154e-05
2022-05-22,3.152936227582654e-05
2022-05-23,3.158646256328085e-05
2022-05-24,2.9774116389631185e-05
2022-05-25,3.3525652203921514e-05
2022-05-26,3.240330748322382e-05
2022-05-27,3.1556568139608595e-05
2022-05-28,3.208713990334979e-05
2022-05-29,3.270409660759329e-05
2022-05-30,3.243155313490688e-05
2022-05-31,3.228985010098222e-05
2022-06-01,3.171314677216705e-05
2022-06-02,3.143413370389917e-05
2022-06-03,2.9974351263086544e-05
2022-06-04,2.8377306722628466e-05
2022-06-05,2.6466351503823207e-05
2022-06-06,2.8298919833683752e-05
2022-06-07,2.7321297279643195e-05
2022-06-08,2.7274279635368734e-05
2022-06-09,2.7656250200961943e-05
2022-06-10,2.7664358181885523e-05
2022-06-11,2.7264655713836813e-05
2022-06-12,2.5238590852919425e-05
2022-06-13,2.558503351868791e-05
2022-06-14,2.5767796951729035e-05
2022-06-15,2.5693887343747528e-05
2022-06-16,2.6440851218068286e-05
2022-06-17,2.5561487078659047e-05
2022-06-18,2.7998192737823855e-05
2022-06-19,2.829959794574824e-05
2022-06-20,2.834752152738814e-05
2022-06-21,3.293265906851384e-05
2022-06-22,3.424566668390628e-05
2022-06-23,3.541819822019487e-05
2022-06-24,3.485793326289077e-05
2022-06-25,3.689024914712057e-05
2022-06-26,3.412178041667489e-05
2022-06-27,3.261592997048003e-05
2022-06-28,3.1614593188834674e-05
2022-06-29,3.3674165859083754e-05
2022-06-30,3.468287039070282e-05
2022-07-01,3.4311427478057364e-05
2022-07-02,3.490329347995343e-05
2022-07-03,3.356578022560705e-05
2022-07-04,3.363218866901992e-05
2022-07-05,3.268210051368547e-05
2022-07-06,3.214770855837756e-05
2022-07-07,3.173275439008178e-05
2022-07-08,2.9848235928776782e-05
2022-07-09,3.096722296380487e-05
2022-07-10,3.16727551225859e-05
2022-07-11,2.8403310405381776e-05
2022-07-12,2.8804156472029727e-05
2022-07-13,2.816099148926644e-05
2022-07-14,2.9714039799896415e-05
2022-07-15,2.9985728765393157e-05
2022-07-16,3.184531832408454e-05
2022-07-17,3.228579750973506e-05
2022-07-18,3.222417061333859e-05
2022-07-19,3.288344848441864e-05
2022-07-20,3.188180600268333e-05
2022-07-21,2.9082998083078015e-05
2022-07-22,2.894433812378093e-05
2022-07-23,2.6913741281660137e-05
2022-07-24,2.8923197193738214e-05
2022-07-25,2.9107681057765608e-05
2022-07-26,2.968440624528549e-05
2022-07-27,3.0155195769300454e-05
2022-07-28,3.0797591921520476e-05
2022-07-29,3.277426145401549e-05
2022-07-30,3.3270513547693714e-05
2022-07-31,3.3452770691835685e-05
2022-08-01,3.287188459403514e-05
2022-08-02,3.3000181619564754e-05
2022-08-03,3.185295773009619e-05
2022-08-04,3.148094652065066e-05
2022-08-05,3.36701207361985e-05
2022-08-06,3.477783321241587e-05
2022-08-07,3.5727694766916265e-05
2022-08-08,3.542184626640407e-05
2022-08-09,3.6028432934123015e-05
2022-08-10,3.5654145263807366e-05
2022-08-11,3.769532506510613e-05
2022-08-12,3.740811568941675e-05
2022-08-13,3.662874100621718e-05
2022-08-14,3.578615340717187e-05
2022-08-15,3.4574600218282856e-05
2022-08-16,3.263713325027513e-05
2022-08-17,3.280956612277777e-05
2022-08-18,3.2203423610285585e-05
2022-08-19,3.2085355127284244e-05
2022-08-20,3.290241766808035e-05
2022-08-21,3.2851602753954775e-05
2022-08-22,3.3252369279743035e-05
2022-08-23,3.355757873163114e-05
2022-08-24,3.4516194115420325e-05
2022-08-25,3.417414383499159e-05
2022-08-26,3.423145632685155e-05
2022-08-27,3.269936513006617e-05
2022-08-28,3.129604891638967e-05
2022-08-29,3.071705474890431e-05
2022-08-30,3.16270164159341e-05
2022-08-31,3.3252594786797464e-05
2022-09-01,3.333912897481677e-05
2022-09-02,3.400140912952803e-05
2022-09-03,3.6032130948814885e-05
2022-09-04,3.583061397406378e-05
2022-09-05,3.4928381010939624e-05
2022-09-06,3.409473624546435e-05
2022-09-07,3.225751193069967e-05
2022-09-08,3.2519699118860864e-05
2022-09-09,3.175361883165056e-05
2022-09-10,2.9844044058396282e-05
2022-09-11,2.908252873230249e-05
2022-09-12,2.9848417544446195e-05
2022-09-13,2.919539269584172e-05
2022-09-14,3.0286483306989527e-05
2022-09-15,3.0493463039016913e-05
2022-09-16,3.0733812207256995e-05
2022-09-17,3.1896335733547416e-05
2022-09-18,3.167237442219145e-05
2022-09-19,2.9625254160525063e-05
2022-09-20,3.0173554567135544e-05
2022-09-21,3.006318600162314e-05
2022-09-22,2.9383078506824773e-05
2022-09-23,2.9166218190651634e-05
2022-09-24,3.11010195460969e-05
2022-09-25,3.2152611091470144e-05
2022-09-26,3.30081951625433e-05
2022-09-27,3.283365269910147e-05
2022-09-28,3.286047576143591e-05
2022-09-29,3.1454964598842324e-05
2022-09-30,3.0260785564029162e-05
2022-10-01,2.99047547431391e-05
2022-10-02,2.9721921204130957e-05
2022-10-03,2.7630307489181847e-05
2022-10-04,2.7922018788795943e-05
2022-10-05,2.7588035719047292e-05
2022-10-06,2.861636562125682e-05
2022-10-07,2.888691809617377e-05
2022-10-08,3.181342564112739e-05
2022-10-09,3.1228699503852756e-05
2022-10-10,3.1863302098654425e-05
2022-10-11,3.1289687472174116e-05
2022-10-12,3.008099534002177e-05
2022-10-13,3.0001532342776027e-05
2022-10-14,2.9137141506746353e-05
2022-10-15,2.794390755829131e-05
2022-10-16,2.8168012996286554e-05
2022-10-17,2.8376914510553182e-05
2022-10-18,2.903150283889477e-05
2022-10-19,2.98722347849625e-05
2022-10-20,3.013150680671663e-05
2022-10-21,2.988960931602465e-05
2022-10-22,3.0108548440211052e-05
2022-10-23,3.0660843837346326e-05
2022-10-24,3.0235428071775544e-05
2022-10-25,2.960914142851683e-05
2022-10-26,2.91685311351153e-05
2022-10-27,2.8263509297398034e-05
2022-10-28,2.8116249666413804e-05
2022-10-29,2.8505304426832398e-05
2022-10-30,2.9462939758900337e-05
2022-10-31,3.0059285470243217e-05
2022-11-01,3.0354642006264412e-05
2022-11-02,3.0054386878878902e-05
2022-11-03,2.9800651413539676e-05
2022-11-04,3.0821853538115846e-05
2022-11-05,3.132679395076268e-05
2022-11-06,3.0706667463606385e-05
2022-11-07,3.05947246224117e-05
2022-11-08,2.9865355798542812e-05
2022-11-09,2.9009907594357145e-05
2022-11-10,3.14705422726135e-05
2022-11-11,3.180991128214584e-05
2022-11-12,3.2963489861133946e-05
2022-11-13,3.12570736985519e-05
2022-11-14,3.208878999851311e-05
2022-11-15,3.17869317087007e-05
2022-11-16,3.225949389880051e-05
2022-11-17,3.194076297543827e-05
2022-11-18,3.137839559605792e-05
2022-11-19,3.1851005559591325e-05
2022-11-20,3.1117414364027784e-05
2022-11-21,3.062744748497527e-05
2022-11-22,3.0259828920035235e-05
2022-11-23,3.216903666725131e-05
2022-11-24,3.2647704541187016e-05
2022-11-25,3.28001139243425e-05
2022-11-26,3.1725764260244004e-05
2022-11-27,3.219159104673531e-05
2022-11-28,3.244700008374612e-05
2022-11-29,3.232879452322919e-05
2022-11-30,3.218049990818911e-05
2022-12-01,3.119458145911515e-05
2022-12-02,2.9255392773154912e-05
2022-12-03,2.9168101234525495e-05
2022-12-04,2.7713386706861395e-05
2022-12-05,2.805335337858396e-05
2022-12-06,2.807025379541495e-05
2022-12-07,2.853165778796136e-05
2022-12-08,2.696300665499722e-05
2022-12-09,2.6628696500924393e-05
2022-12-10,2.650770074483333e-05
2022-12-11,2.620532746509035e-05
2022-12-12,2.5862585442407817e-05
2022-12-13,2.5387066149678914e-05
2022-12-14,2.386790993169066e-05
2022-12-15,2.3685982570348982e-05
2022-12-16,2.3135951185854017e-05
2022-12-17,2.220996087745298e-05
2022-12-18,2.2463201379527184e-05
2022-12-19,2.3502925507841253e-05
2022-12-20,2.3474019422376585e-05
2022-12-21,2.42441222870814e-05
2022-12-22,2.4416457455763914e-05
2022-12-23,2.3896874748139727e-05
2022-12-24,2.3944556204130015e-05
2022-12-25,2.3941507090500666e-05
2022-12-26,2.284133438172301e-05
2022-12-27,2.339990095890058e-05
2022-12-28,2.266009920545294e-05
2022-12-29,2.232286743203049e-05
2022-12-30,2.2213853672999226e-05
2022-12-31,2.2842946936182884e-05
2023-01-01,2.346641512970806e-05
2023-01-02,2.3621453729602108e-05
2023-01-03,2.427876724266821e-05
2023-01-04,2.3661466969382554e-05
2023-01-05,2.3748619568616918e-05
2023-01-06,2.345466415269421e-05
2023-01-07,2.2705809040582758e-05
2023-01-08,2.2902146338858134e-05
2023-01-09,2.2520499837129353e-05
2023-01-10,2.344107314408074e-05
2023-01-11,2.4037021439337665e-05
2023-01-12,2.4563072309026258e-05
2023-01-13,2.4427563105128632e-05
2023-01-14,2.4011605528128433e-05
2023-01-15,2.3654754491276633e-05
2023-01-16,2.4268944192210937e-05
2023-01-17,2.3505522286096407e-05
2023-01-18,2.314717004511593e-05
2023-01-19,2.1376637915288972e-05
2023-01-20,2.1443728232835482e-05
2023-01-21,2.0670775052326897e-05
2023-01-22,2.0917808521936047e-05
2023-01-23,2.1604613076097882e-05
2023-01-24,2.3190091827177376e-05
2023-01-25,2.309881505107723e-05
2023-01-26,2.35258902409437e-05
2023-01-27,2.372383882373096e-05
2023-01-28,2.3614318770138976e-05
2023-01-29,2.339325500479354e-05
2023-01-30,2.318855793932563e-05
2023-01-31,2.2174721564017793e-05
2023-02-01,2.1814974691263232e-05
2023-02-02,2.128827512469062e-05
2023-02-03,2.1938733014659014e-05
2023-02-04,2.311181866298999e-05
2023-02-05,2.4534001677958993e-05
2023-02-06,2.485330336171194e-05
2023-02-07,2.491027713535325e-05
2023-02-08,2.5919339693308767e-05
2023-02-09,2.5171967918648707e-05
2023-02-10,2.4731271414149067e-05
2023-02-11,2.4880113787368703e-05
2023-02-12,2.465370973421443e-05
2023-02-13,2.4251897202794337e-05
2023-02-14,2.3612308362812e-05
2023-02-15,2.354013869508285e-05
2023-02-16,2.272786886514197e-05
2023-02-17,2.2708722812203703e-05
2023-02-18,2.3318751633272396e-05
2023-02-19,2.3848298184709633e-05
2023-02-20,2.426055786530613e-05
2023-02-21,2.4871496212901785e-05
2023-02-22,2.7935713299948827e-05
2023-02-23,2.7173311197084312e-05
2023-02-24,2.6101074843660267e-05
2023-02-25,2.5774890641334237e-05
2023-02-26,2.4661239956988483e-05
2023-02-27,2.399661928567761e-05
2023-02-28,2.3982229934241686e-05
2023-03-01,2.429094158638648e-05
2023-03-02,2.5053011677030395e-05
2023-03-03,2.4778229844895262e-05
2023-03-04,2.449229008678832e-05
2023-03-05,2.4051420247260525e-05
2023-03-06,2.2984602295355624e-05
2023-03-07,2.3553151449117793e-05
2023-03-08,2.3036094625790847e-05
2023-03-09,2.166950209008223e-05
2023-03-10,2.0930902070554533e-05
2023-03-11,2.119620965443436e-05
2023-03-12,2.077702903611701e-05
2023-03-13,2.1031774465098252e-05
2023-03-14,2.079825652157977e-05
2023-03-15,2.1621743323664053e-05
2023-03-16,2.0932886590614792e-05
2023-03-17,2.056877638838837e-05
2023-03-18,1.9539958235092427e-05
2023-03-19,1.9370738973637825e-05
2023-03-20,1.941970391485516e-05
2023-03-21,1.8683233219091456e-05
2023-03-22,1.850617944474711e-05
2023-03-23,1.7660580800227933e-05
2023-03-24,1.762089911241928e-05
2023-03-25,1.7772057455838015e-05
2023-03-26,1.818811679203651e-05
2023-03-27,1.8428844396048075e-05
2023-03-28,1.861786991423333e-05
2023-03-29,1.8809415084990023e-05
2023-03-30,1.848436092771163e-05
2023-03-31,1.999612819181775e-05
2023-04-01,1.9577071722617797e-05
2023-04-02,1.9000369112383173e-05
2023-04-03,1.8090714667997258e-05
2023-04-04,1.7625817136311606e-05
2023-04-05,1.8316933486450257e-05
2023-04-06,1.8466055141292512e-05
2023-04-07,1.9170462434862068e-05
2023-04-08,1.9076955009813735e-05
2023-04-09,1.9572039848101742e-05
2023-04-10,1.957142207089365e-05
2023-04-11,1.9095632952301336e-05
2023-04-12,1.8162147960009614e-05
2023-04-13,1.76965560594869e-05
2023-04-14,1.7907657788687353e-05
2023-04-15,1.803995855238386e-05
2023-04-16,1.787869681711939e-05
2023-04-17,1.810541335077469e-05
2023-04-18,1.8275198551168823e-05
2023-04-19,1.866225704636354e-05
2023-04-20,1.807241728684553e-05
2023-04-21,1.859094469482504e-05
2023-04-22,1.872584699062351e-05
2023-04-23,1.875686383791447e-05
2023-04-24,1.8131983496361692e-05
2023-04-25,1.758978532941512e-05
2023-04-26,1.7422880515236116e-05
2023-04-27,1.6621326548093486e-05
2023-04-28,1.5972453304311895e-05
2023-04-29,1.5678056245518244e-05
2023-04-30,1.6134517697744203e-05
2023-05-01,1.593177020925444e-05
2023-05-02,1.633637528173421e-05
2023-05-03,1.648455964801588e-05
2023-05-04,1.641157783180907e-05
2023-05-05,1.6144344597399308e-05
2023-05-06,1.5851494856443743e-05
2023-05-07,1.5372642123370133e-05
2023-05-08,1.5492335036087967e-05
2023-05-09,1.457008754146456e-05
2023-05-10,1.4352964227059043e-05
2023-05-11,1.4483550343998316e-05
2023-05-12,1.4289702680525123e-05
2023-05-13,1.5053876022247936e-05
2023-05-14,1.542364539733776e-05
2023-05-15,1.5773295625794077e-05
2023-05-16,1.588774971812112e-05
2023-05-17,1.5883181402870715e-05
2023-05-18,1.5381744457595024e-05
2023-05-19,1.4994450134046903e-05
2023-05-20,1.4668368174864313e-05
2023-05-21,1.468606451189042e-05
2023-05-22,1.4270710920920601e-05
2023-05-23,1.4060552198825478e-05
2023-05-24,1.3962112912823644e-05
2023-05-25,1.435219569219172e-05
2023-05-26,1.4864165632809726e-05
2023-05-27,1.5138892313460512e-05
2023-05-28,1.540885257804252e-05
2023-05-29,1.5011329777350814e-05
2023-05-30,1.4455109674785719e-05
2023-05-31,1.4251158751664488e-05
2023-06-01,1.3808843194749471e-05
2023-06-02,1.358022989146271e-05
2023-06-03,1.3460950432331846e-05
2023-06-04,1.3088562328883447e-05
2023-06-05,1.2964498319801466e-05
2023-06-06,1.243553454057839e-05
2023-06-07,1.235467487766489e-05
2023-06-08,1.2261587498805467e-05
2023-06-09,1.2593680680782265e-05
2023-06-10,1.2648622642900988e-05
2023-06-11,1.1112785361446203e-05
2023-06-12,1.0428518861059418e-05
2023-06-13,1.0137508364273786e-05
2023-06-14,1.0113792839139748e-05
2023-06-15,9.828628068948466e-06
2023-06-16,9.505962357813403e-06
2023-06-17,9.45652906428151e-06
2023-06-18,9.875396348761885e-06
2023-06-19,1.0327385436312429e-05
2023-06-20,1.063318738800941e-05
2023-06-21,1.0803777604819563e-05
2023-06-22,1.0571980917465795e-05
2023-06-23,1.0534393408782604e-05
2023-06-24,1.0420618993666403e-05
2023-06-25,1.0446971613393873e-05
2023-06-26,1.0558714774643146e-05
2023-06-27,1.0083685679165512e-05
2023-06-28,9.81877216799559e-06
2023-06-29,9.149946936849527e-06
2023-06-30,9.56821080446501e-06
2023-07-01,1.0154707193815711e-05
2023-07-02,1.1053504484011868e-05
2023-07-03,1.1120527674519485e-05
2023-07-04,1.1250884495472692e-05
2023-07-05,1.113853707086637e-05
2023-07-06,1.060285594835476e-05
2023-07-07,1.0036385868840468e-05
2023-07-08,9.996367862464645e-06
2023-07-09,9.659179239177107e-06
2023-07-10,9.481636522317576e-06
2023-07-11,9.304014141478733e-06
2023-07-12,9.713748893446095e-06
2023-07-13,1.0452899757098985e-05
2023-07-14,1.1176681972970577e-05
2023-07-15,1.1582926836204614e-05
2023-07-16,1.2342361262381829e-05
2023-07-17,1.4313762845586098e-05
2023-07-18,1.3836954179786693e-05
2023-07-19,1.2417741259165346e-05
2023-07-20,1.1398002731181427e-05
2023-07-21,1.0736023422058355e-05
2023-07-22,1.0670058655495027e-05
2023-07-23,1.039822151685948e-05
2023-07-24,1.0457506294013695e-05
2023-07-25,1.0364769255876424e-05
2023-07-26,1.046743607974985e-05
2023-07-27,1.0947541107845084e-05
2023-07-28,1.0900407223968289e-05
2023-07-29,1.066035007440434e-05
2023-07-30,1.0844521906389572e-05
2023-07-31,1.0732345535575265e-05
2023-08-01,1.0763476061200887e-05
2023-08-02,1.0541915006149733e-05
2023-08-03,1.0309410340696906e-05
2023-08-04,1.0073315141742609e-05
2023-08-05,1.004771239848943e-05
2023-08-06,1.0345969571234794e-05
2023-08-07,1.0587980481564347e-05
2023-08-08,1.09985288140771e-05
2023-08-09,1.0833532519964558e-05
2023-08-10,1.0542653987515757e-05
2023-08-11,1.0530794602277737e-05
2023-08-12,1.0545549908078119e-05
2023-08-13,1.0444308951186839e-05
2023-08-14,1.0252505257543789e-05
2023-08-15,1.0055557225246765e-05
2023-08-16,9.334955252327584e-06
2023-08-17,8.84433693732019e-06
2023-08-18,8.696921083825232e-06
2023-08-19,9.203107676034296e-06
2023-08-20,9.906454180711803e-06
2023-08-21,1.0035094208170974e-05
2023-08-22,9.610814385938654e-06
2023-08-23,9.529601860571761e-06
2023-08-24,9.552307667807482e-06
2023-08-25,9.615057839213479e-06
2023-08-26,9.27640037999384e-06
2023-08-27,8.794983211125508e-06
2023-08-28,8.846489423294716e-06
2023-08-29,8.99865414477224e-06
2023-08-30,9.222944643538633e-06
2023-08-31,9.426820718913777e-06
2023-09-01,9.813266279017e-06
2023-09-02,9.627142869349792e-06
2023-09-03,9.3716320507628e-06
2023-09-04,9.213289937918331e-06
2023-09-05,9.164243194039646e-06
2023-09-06,9.428171519794836e-06
2023-09-07,9.389706206007607e-06
2023-09-08,9.015484663114993e-06
2023-09-09,8.885924534730509e-06
2023-09-10,8.970234764516807e-06
2023-09-11,9.17342234334967e-06
2023-09-12,8.992007961928022e-06
2023-09-13,9.162691067592252e-06
2023-09-14,9.383546311742423e-06
2023-09-15,9.474628007763629e-06
2023-09-16,9.7006437670818e-06
2023-09-17,9.780394405263844e-06
2023-09-18,9.425763613918346e-06
2023-09-19,9.16303763506299e-06
2023-09-20,8.867102431440473e-06
2023-09-21,8.692619943394626e-06
2023-09-22,9.091503605267112e-06
2023-09-23,9.627463532664552e-06
2023-09-24,9.889078320625596e-06
2023-09-25,1.0061322321528359e-05
2023-09-26,1.0491576899918236e-05
2023-09-27,1.0546687152632696e-05
2023-09-28,1.019131058510084e-05
2023-09-29,1.0105474628793349e-05
2023-09-30,1.0017450630989744e-05
2023-10-01,9.898713873600274e-06
2023-10-02,9.573877872996061e-06
2023-10-03,9.315562043899812e-06
2023-10-04,8.929634560628476e-06
2023-10-05,8.993396630552803e-06
2023-10-06,9.089039722033592e-06
2023-10-07,9.529630584084157e-06
2023-10-08,9.594613204467506e-06
2023-10-09,9.595834408321634e-06
2023-10-10,9.240656847359669e-06
2023-10-11,8.909093927579343e-06
2023-10-12,8.977282195314407e-06
2023-10-13,8.841607220095156e-06
2023-10-14,8.643872134343497e-06
2023-10-15,8.598736537872348e-06
2023-10-16,8.492022568276511e-06
2023-10-17,8.594256081310177e-06
2023-10-18,8.861857929882557e-06
2023-10-19,9.088135782853374e-06
2023-10-20,8.989884414653488e-06
2023-10-21,8.849366798909615e-06
2023-10-22,8.966155445143101e-06
2023-10-23,9.13772090315997e-06
2023-10-24,8.647535962066893e-06
2023-10-25,8.351912653342531e-06
2023-10-26,8.019207163124748e-06
2023-10-27,7.858169645064137e-06
2023-10-28,7.70424811139502e-06
2023-10-29,8.070237700373904e-06
2023-10-30,8.382069932021622e-06
2023-10-31,8.784823121875775e-06
2023-11-01,8.946374766530353e-06
2023-11-02,9.118541934783883e-06
2023-11-03,9.107367799620602e-06
2023-11-04,9.036426129789471e-06
2023-11-05,9.143506237384195e-06
2023-11-06,9.30111618229031e-06
2023-11-07,9.831559319731595e-06
2023-11-08,9.43087242921506e-06
2023-11-09,9.700772141206937e-06
2023-11-10,9.869439391171811e-06
2023-11-11,1.0175923189483317e-05
2023-11-12,1.053459601463578e-05
2023-11-13,1.0812444412671803e-05
2023-11-14,1.02705717017123e-05
2023-11-15,1.0172648804312128e-05
2023-11-16,9.987620676889385e-06
2023-11-17,1.0039603189923814e-05
2023-11-18,9.802997035610501e-06
2023-11-19,9.28355650688479e-06
2023-11-20,9.402623717603667e-06
2023-11-21,9.031987114972036e-06
2023-11-22,8.84122541149265e-06
2023-11-23,9.183574477509523e-06
2023-11-24,9.650933513125285e-06
2023-11-25,9.8917804255778e-06
2023-11-26,1.0175591992745535e-05
2023-11-27,9.89362079942037e-06
2023-11-28,9.48730142306631e-06
2023-11-29,9.327844610501012e-06
2023-11-30,9.098410786212385e-06
2023-12-01,8.782888446254793e-06
2023-12-02,8.677483409160644e-06
2023-12-03,8.504848745321092e-06
2023-12-04,8.676274834831914e-06
2023-12-05,8.582029885949176e-06
2023-12-06,8.56153427379195e-06
2023-12-07,8.871002419478396e-06
2023-12-08,9.169258639411591e-06
2023-12-09,9.533018917611841e-06
2023-12-10,9.445239760353773e-06
2023-12-11,9.391819514136123e-06
2023-12-12,8.978199388746043e-06
2023-12-13,8.712453316764776e-06
2023-12-14,8.384630269070607e-06
2023-12-15,8.306945141214802e-06
2023-12-16,8.384442328860585e-06
2023-12-17,8.653380706594776e-06
2023-12-18,8.852617092965798e-06
2023-12-19,8.906404842193708e-06
2023-12-20,8.753560242717328e-06
2023-12-21,8.713834147335509e-06
2023-12-22,9.019802169933366e-06
2023-12-23,9.3812726977681e-06
2023-12-24,9.75595836039545e-06
2023-12-25,9.550333900359435e-06
2023-12-26,9.933637984651175e-06
2023-12-27,1.0167647457658328e-05
2023-12-28,1.015343370560877e-05
2023-12-29,9.919908090141395e-06
2023-12-30,1.0187342136557757e-05
2023-12-31,1.0385547940194406e-05
2024-01-01,1.0487970059202182e-05
2024-01-02,1.122054550873123e-05
2024-01-03,1.0863764807897332e-05
2024-01-04,1.0278553775843928e-05
2024-01-05,1.0423553867795694e-05
2024-01-06,1.0741253674721844e-05
2024-01-07,1.0380204346022734e-05
2024-01-08,9.173720820858997e-06
2024-01-09,9.212886602720852e-06
2024-01-10,8.887148574587291e-06
2024-01-11,9.534498288708488e-06
2024-01-12,1.115935859479594e-05
2024-01-13,1.1638144496848519e-05
2024-01-14,1.1619784568337915e-05
2024-01-15,1.1330275902304121e-05
2024-01-16,1.126195251364578e-05
2024-01-17,1.1195680968990866e-05
2024-01-18,1.0618756116402746e-05
2024-01-19,1.0042967737198981e-05
2024-01-20,9.559330828959647e-06
2024-01-21,9.800362537817327e-06
2024-01-22,1.0018362801714274e-05
2024-01-23,9.736371335635851e-06
2024-01-24,9.593184398778166e-06
2024-01-25,9.848538989477397e-06
2024-01-26,9.580836198663495e-06
2024-01-27,9.562734054450243e-06
2024-01-28,9.76285256790704e-06
2024-01-29,9.381852710983143e-06
2024-01-30,9.265856056893992e-06
2024-01-31,9.194170330266656e-06
2024-02-01,8.803911833776925e-06
2024-02-02,8.556781261724316e-06
2024-02-03,9.229562070935277e-06
2024-02-04,9.447506204100971e-06
2024-02-05,9.417220349916805e-06
2024-02-06,9.569077947688063e-06
2024-02-07,9.251725189410053e-06
2024-02-08,9.3866464729405e-06
2024-02-09,9.281915516956614e-06
2024-02-10,9.258930547349274e-06
2024-02-11,8.700083098868826e-06
2024-02-12,8.36619027881379e-06
2024-02-13,8.24005461800341e-06
2024-02-14,8.408184735997937e-06
2024-02-15,8.46261727397816e-06
2024-02-16,8.550233311211513e-06
2024-02-17,8.868173448812937e-06
2024-02-18,8.901974325630942e-06
2024-02-19,8.846866183607946e-06
2024-02-20,8.994547417763474e-06
2024-02-21,8.857984256335496e-06
2024-02-22,8.622508050069923e-06
2024-02-23,8.489595317031072e-06
2024-02-24,8.814601175755128e-06
2024-02-25,9.092675626022361e-06
2024-02-26,9.28983081849236e-06
2024-02-27,8.99370858314876e-06
2024-02-28,8.556528830389961e-06
2024-02-29,8.294150230839298e-06
2024-03-01,8.58395313085933e-06
2024-03-02,8.962374575853707e-06
2024-03-03,9.346047854942936e-06
2024-03-04,9.578611957595618e-06
2024-03-05,9.05424792245215e-06
2024-03-06,8.58704797451631e-06
2024-03-07,9.100649485316609e-06
2024-03-08,9.02094225799548e-06
2024-03-09,8.642416963399571e-06
2024-03-10,8.85256967711448e-06
2024-03-11,9.122642936771409e-06
2024-03-12,9.422580658720051e-06
2024-03-13,9.574677551893321e-06
2024-03-14,9.613732114067433e-06
2024-03-15,9.28782853034476e-06
2024-03-16,9.102907744569914e-06
2024-03-17,8.971428370888236e-06
2024-03-18,8.81338105393205e-06
2024-03-19,7.939104062625966e-06
2024-03-20,7.6094188946893684e-06
2024-03-21,7.726075355342433e-06
2024-03-22,8.140852649749462e-06
2024-03-23,8.206420595668925e-06
2024-03-24,8.64420654772167e-06
2024-03-25,8.75149855597298e-06
2024-03-26,8.685454780753586e-06
2024-03-27,8.689013013806271e-06
2024-03-28,8.546592585455128e-06
2024-03-29,8.784972023356457e-06
2024-03-30,8.75004928988015e-06
2024-03-31,8.426211010034433e-06
2024-04-01,8.213994236883458e-06
2024-04-02,8.293130944513211e-06
2024-04-03,8.047577747833904e-06
2024-04-04,7.929440989118869e-06
